hours,grade,class
5.5,0.519603453,1
5.8,0.164560341,1
6,0.34649809,1
5,0.735587042,1
7.2,0.538735696,1
7.7,0.991752639,0
6.9,0.977998775,0
6.4,0.722799463,0
4.1,0.569352356,0
4.4,0.235773065,2
4.8,0.419242534,2
4.9,0.874419125,0